[
  {
    "dnsSearchDomains": null,
    "environmentFiles": null,
    "logConfiguration": {
      "logDriver": "awslogs",
      "secretOptions": null,
      "options": {
        "awslogs-group": "/ecs/ecs-importer-prod1-task",
        "awslogs-region": "us-east-1",
        "awslogs-stream-prefix": "ecs"
      }
    },
    "entryPoint": null,
    "portMappings": [
      {
        "hostPort": 3007,
        "protocol": "tcp",
        "containerPort": 3007
      }
    ],
    "command": null,
    "linuxParameters": null,
    "cpu": 0,
    "environment": [
      {
        "name": "APP_ENV",
        "value": "prod1"
      },
      {
        "name": "APP_NAME",
        "value": "importer (prod1)"
      },
      {
        "name": "APP_TYPE",
        "value": "api"
      },
      {
        "name": "AUTH_SECRET",
        "valueFrom": "arn:aws:secretsmanager:us-east-1:036192757250:secret:zqms-ecs-secrets-VhOh9o:AUTH_SECRET::"
      },
      {
        "name": "AWS_REGION",
        "value": "us-east-1"
      },
      {
        "name": "DB_HOST",
        "value": "prod-sl-cluster-1-cluster.cluster-ca5jtpmvsdyy.us-east-1.rds.amazonaws.com"
      },
      {
        "name": "DB_NAME",
        "value": "prod1"
      },
      {
        "name": "DB_PASSWORD",
        "valueFrom": "arn:aws:secretsmanager:us-east-1:036192757250:secret:zqms-ecs-secrets-VhOh9o:IMPORTER_DB_PASSWORD::"
      },
      {
        "name": "DB_USERNAME",
        "value": "importer_user"
      },
      {
        "name": "ENDURANCE_CLIENT_ID",
        "valueFrom": "arn:aws:secretsmanager:us-east-1:036192757250:secret:zqms-ecs-secrets-VhOh9o:ENDURANCE_CLIENT_ID::"
      },
      {
        "name": "ENDURANCE_CLIENT_SECRET",
        "value": "$2b$10$rcRLVzI8l2Jol86U/c7z.u"
      },
      {
        "name": "ENDURANCE_URL",
        "value": "https://endurance.zenqms.com"
      },
      {
        "name": "MORPHEUS_URL",
        "value": "https://morpheus.zenqms.com"
      },
      {
        "name": "NEW_RELIC_KEY",
        "valueFrom": "arn:aws:secretsmanager:us-east-1:036192757250:secret:zqms-ecs-secrets-VhOh9o:NEW_RELIC_KEY::"
      },
      {
        "name": "NEW_RELIC_RECORD_SQL",
        "value": "raw"
      },
      {
        "name": "NODE_ENV",
        "value": "production"
      },
      {
        "name": "PAGE_SIZE",
        "value": "20"
      },
      {
        "name": "QUEUE_URL",
        "value": "https://sqs.us-east-1.amazonaws.com/097589753303/importer-prod1"
      },
      {
        "name": "ROLLBAR_KEY",
        "valueFrom": "arn:aws:secretsmanager:us-east-1:036192757250:secret:zqms-ecs-secrets-VhOh9o:IMPORTER_ROLLBAR_KEY::"
      },
      {
        "name": "S3_BUCKET",
        "value": "importer-prod1"
      },
      {
        "name": "THROTTLE_TIME",
        "value": "500"
      }
    ],
    "resourceRequirements": null,
    "ulimits": null,
    "dnsServers": null,
    "mountPoints": [],
    "workingDirectory": null,
    "secrets": null,
    "dockerSecurityOptions": null,
    "memory": 128,
    "memoryReservation": null,
    "volumesFrom": [],
    "stopTimeout": null,
    "image": "097589753303.dkr.ecr.us-east-1.amazonaws.com/importer:d5598987d97658ccffe6b5697cd4f457407c265c",
    "startTimeout": null,
    "firelensConfiguration": null,
    "dependsOn": null,
    "disableNetworking": null,
    "interactive": null,
    "healthCheck": null,
    "essential": true,
    "links": null,
    "hostname": null,
    "extraHosts": null,
    "pseudoTerminal": null,
    "user": null,
    "readonlyRootFilesystem": null,
    "dockerLabels": null,
    "systemControls": null,
    "privileged": null,
    "name": "importer"
  }
]