[
  {
    "dnsSearchDomains": null,
    "environmentFiles": null,
    "logConfiguration": {
      "logDriver": "awslogs",
      "secretOptions": null,
      "options": {
        "awslogs-group": "/ecs/ecs-endurance-prod1-task",
        "awslogs-region": "us-east-1",
        "awslogs-stream-prefix": "ecs"
      }
    },
    "entryPoint": null,
    "portMappings": [
      {
        "hostPort": 3001,
        "protocol": "tcp",
        "containerPort": 3001
      }
    ],
    "command": null,
    "linuxParameters": null,
    "cpu": 0,
    "environment": [
      {
        "name": "APP_ENV",
        "value": "prod1"
      },
      {
        "name": "APP_NAME",
        "value": "auth (prod1)"
      },
      {
        "name": "AWS_REGION",
        "value": "us-east-1"
      },
      {
        "name": "CREATE_USER_CODE_EXPIRATION",
        "value": "24"
      },
      {
        "name": "DB_DIALECT",
        "value": "postgres"
      },
      {
        "name": "DB_HOST",
        "value": "prod-sl-cluster-1-cluster.cluster-ca5jtpmvsdyy.us-east-1.rds.amazonaws.com"
      },
      {
        "name": "DB_MAX_POOL",
        "value": "30"
      },
      {
        "name": "DB_MIN_POOL",
        "value": "10"
      },
      {
        "name": "DB_NAME",
        "value": "prod1"
      },
      {
        "name": "DB_PASSWORD",
        "valueFrom": "arn:aws:secretsmanager:us-east-1:036192757250:secret:zqms-ecs-secrets-VhOh9o:ENDURANCE_DB_PASSWORD::"
      },
      {
        "name": "DB_USER",
        "value": "endurance_user"
      },
      {
        "name": "FAILED_2FA_CODE_ATTEMPTS",
        "value": "5"
      },
      {
        "name": "FAILED_ATTEMPTS_BEFORE_LOCK_OUT",
        "value": "3"
      },
      {
        "name": "JWT_ACCESS_SECRET",
        "valueFrom": "arn:aws:secretsmanager:us-east-1:036192757250:secret:zqms-ecs-secrets-VhOh9o:JWT_ACCESS_SECRET::"
      },
      {
        "name": "JWT_AUTH_SECRET",
        "valueFrom": "arn:aws:secretsmanager:us-east-1:036192757250:secret:zqms-ecs-secrets-VhOh9o:JWT_AUTH_SECRET::"
      },
      {
        "name": "JWT_COOKIE_DOMAIN",
        "value": ".zenqms.com"
      },
      {
        "name": "JWT_COOKIE_NAME",
        "value": ".ZenQMSProdJwtAuth"
      },
      {
        "name": "LEGACY_CV_BUCKET",
        "value": "app-zenqms-com"
      },
      {
        "name": "MSDB_HOST",
        "value": "db.prod.zenqms.corp"
      },
      {
        "name": "MSDB_PASSWORD",
        "valueFrom": "arn:aws:secretsmanager:us-east-1:036192757250:secret:zqms-ecs-secrets-VhOh9o:MSDB_PASSWORD::"
      },
      {
        "name": "MSDB_USER",
        "value": "endurance_user"
      },
      {
        "name": "NEW_RELIC_KEY",
        "valueFrom": "arn:aws:secretsmanager:us-east-1:036192757250:secret:zqms-ecs-secrets-VhOh9o:NEW_RELIC_KEY::"
      },
      {
        "name": "NEW_RELIC_RECORD_SQL",
        "value": "raw"
      },
      {
        "name": "NODE_ENV",
        "value": "production"
      },
      {
        "name": "NODE_OPTIONS",
        "value": "--max-http-header-size=16384"
      },
      {
        "name": "NOTIFICATIONS_ACTIVE",
        "value": "true"
      },
      {
        "name": "NOTIFICATIONS_QUEUE_URL",
        "value": "https://sqs.us-east-1.amazonaws.com/097589753303/notifications-prod.fifo"
      },
      {
        "name": "REDIS_URL",
        "value": "redis://auth-prod1.bdubru.ng.0001.use1.cache.amazonaws.com:6379"
      },
      {
        "name": "RESET_PASSWORD_CODE_EXPIRATION",
        "value": "2"
      },
      {
        "name": "ROLLBAR_KEY",
        "valueFrom": "arn:aws:secretsmanager:us-east-1:036192757250:secret:zqms-ecs-secrets-VhOh9o:ENDURANCE_ROLLBAR_KEY::"
      },
      {
        "name": "S3_BUCKET",
        "value": "morpheus-production-uploads"
      },
      {
        "name": "SSO_URL",
        "value": "https://sso.zenqms.com/"
      },
      {
        "name": "TWILIO_ACCOUNT_SID",
        "valueFrom": "arn:aws:secretsmanager:us-east-1:036192757250:secret:zqms-ecs-secrets-VhOh9o:TWILIO_ACCOUNT_SID::"
      },
      {
        "name": "TWILIO_AUTH_TOKEN",
        "valueFrom": "arn:aws:secretsmanager:us-east-1:036192757250:secret:zqms-ecs-secrets-VhOh9o:TWILIO_AUTH_TOKEN::"
      },
      {
        "name": "TWILIO_MESSAGING_SERVICE_SID",
        "valueFrom": "arn:aws:secretsmanager:us-east-1:036192757250:secret:zqms-ecs-secrets-VhOh9o:TWILIO_MESSAGING_SERVICE_SID::"
      },
      {
        "name": "TWILIO_SERVICE_SID",
        "valueFrom": "arn:aws:secretsmanager:us-east-1:036192757250:secret:zqms-ecs-secrets-VhOh9o:TWILIO_SERVICE_SID::"
      }
    ],
    "resourceRequirements": null,
    "ulimits": null,
    "dnsServers": null,
    "mountPoints": [],
    "workingDirectory": null,
    "secrets": null,
    "dockerSecurityOptions": null,
    "memory": 128,
    "memoryReservation": null,
    "volumesFrom": [],
    "stopTimeout": null,
    "image": "097589753303.dkr.ecr.us-east-1.amazonaws.com/endurance:72fc639e80bca1e51ce083da337314081110f118",
    "startTimeout": null,
    "firelensConfiguration": null,
    "dependsOn": null,
    "disableNetworking": null,
    "interactive": null,
    "healthCheck": null,
    "essential": true,
    "links": null,
    "hostname": null,
    "extraHosts": null,
    "pseudoTerminal": null,
    "user": null,
    "readonlyRootFilesystem": null,
    "dockerLabels": null,
    "systemControls": null,
    "privileged": null,
    "name": "endurance"
  }
]