[
  {
    "dnsSearchDomains": null,
    "environmentFiles": null,
    "logConfiguration": {
      "logDriver": "awslogs",
      "secretOptions": null,
      "options": {
        "awslogs-group": "/ecs/ecs-audit-trail-prod1-task",
        "awslogs-region": "us-east-1",
        "awslogs-stream-prefix": "ecs"
      }
    },
    "entryPoint": null,
    "portMappings": [
      {
        "hostPort": 3006,
        "protocol": "tcp",
        "containerPort": 3006
      }
    ],
    "command": null,
    "linuxParameters": null,
    "cpu": 0,
    "environment": [
      {
        "name": "APP_ENV",
        "value": "prod1"
      },
      {
        "name": "APP_NAME",
        "value": "audit-trail (prod1)"
      },
      {
        "name": "AUTH_SECRET",
        "valueFrom": "arn:aws:secretsmanager:us-east-1:036192757250:secret:zqms-ecs-secrets-VhOh9o:AUTH_SECRET::"
      },
      {
        "name": "AWS_REGION",
        "value": "us-east-1"
      },
      {
        "name": "DB_HOST",
        "value": "prod-sl-cluster-1-cluster.cluster-ca5jtpmvsdyy.us-east-1.rds.amazonaws.com"
      },
      {
        "name": "DB_NAME",
        "value": "prod1"
      },
      {
        "name": "DB_PASSWORD",
        "valueFrom": "arn:aws:secretsmanager:us-east-1:036192757250:secret:zqms-ecs-secrets-VhOh9o:DB_PASSWORD::"
      },
      {
        "name": "DB_USERNAME",
        "value": "audit_trail_user"
      },
      {
        "name": "ENDURANCE_AUDIT_SCHEMA",
        "value": "endurance_audit"
      },
      {
        "name": "ENDURANCE_URL",
        "value": "https://endurance.zenqms.com"
      },
      {
        "name": "MAX_PARALLEL_REQUESTS",
        "value": "1"
      },
      {
        "name": "MORPHEUS_AUDIT_SCHEMA",
        "value": "morpheus_audit"
      },
      {
        "name": "MORPHEUS_URL",
        "value": "https://morpheus-report.zenqms.com"
      },
      {
        "name": "NEW_RELIC_KEY",
        "valueFrom": "arn:aws:secretsmanager:us-east-1:036192757250:secret:zqms-ecs-secrets-VhOh9o:NEW_RELIC_KEY::"
      },
      {
        "name": "NEW_RELIC_RECORD_SQL",
        "value": "raw"
      },
      {
        "name": "NODE_ENV",
        "value": "production"
      },
      {
        "name": "NODE_OPTIONS",
        "value": "--max-http-header-size=16384"
      },
      {
        "name": "NODE_PATH",
        "value": "."
      },
      {
        "name": "NOTIFICATIONS_AUDIT_SCHEMA",
        "value": "notifications_audit"
      },
      {
        "name": "PUBLIC_API_AUDIT_SCHEMA",
        "value": "public_api_audit"
      },
      {
        "name": "QUEUE_URL",
        "value": "https://sqs.us-east-1.amazonaws.com/097589753303/audit-trail-prod1"
      },
      {
        "name": "REQUEST_THROTTLING",
        "value": "500"
      },
      {
        "name": "ROLLBAR_KEY",
        "valueFrom": "arn:aws:secretsmanager:us-east-1:036192757250:secret:zqms-ecs-secrets-VhOh9o:ROLLBAR_KEY::"
      }
    ],
    "resourceRequirements": null,
    "ulimits": null,
    "dnsServers": null,
    "mountPoints": [],
    "workingDirectory": null,
    "secrets": null,
    "dockerSecurityOptions": null,
    "memory": 128,
    "memoryReservation": null,
    "volumesFrom": [],
    "stopTimeout": null,
    "image": "097589753303.dkr.ecr.us-east-1.amazonaws.com/audit-trail:7080ab309c75c2acd43db2e83ad511657fd1e6de",
    "startTimeout": null,
    "firelensConfiguration": null,
    "dependsOn": null,
    "disableNetworking": null,
    "interactive": null,
    "healthCheck": null,
    "essential": true,
    "links": null,
    "hostname": null,
    "extraHosts": null,
    "pseudoTerminal": null,
    "user": null,
    "readonlyRootFilesystem": null,
    "dockerLabels": null,
    "systemControls": null,
    "privileged": null,
    "name": "audit-trail"
  }
]